id,training_session_id,user_id,created_at,updated_at
1,1,34,56:54.3,56:54.3
2,1,35,56:54.6,56:54.6
3,18,50,56:54.8,56:54.8
4,18,62,56:55.0,56:55.0
5,49,67,56:55.3,56:55.3
6,18,142,56:55.5,56:55.5
7,18,154,56:55.8,56:55.8
8,18,160,56:56.1,56:56.1
9,49,178,56:56.3,56:56.3
10,1,185,56:56.5,56:56.5
11,18,187,56:56.8,56:56.8
12,1,230,56:57.0,56:57.0
13,1,261,56:57.3,56:57.3
14,18,287,56:57.5,56:57.5
15,1,311,56:57.8,56:57.8
16,49,388,56:58.0,56:58.0
17,1,449,56:58.3,56:58.3
18,49,486,56:58.5,56:58.5
19,49,525,56:58.8,56:58.8
20,1,528,56:59.0,56:59.0
21,18,538,56:59.3,56:59.3
22,49,556,56:59.5,56:59.5
23,1,586,56:59.8,56:59.8
24,49,595,57:00.0,57:00.0
25,49,612,57:00.4,57:00.4
26,49,619,57:00.6,57:00.6
27,49,623,57:00.9,57:00.9
28,49,790,57:01.1,57:01.1
29,16,10,57:01.4,57:01.4
30,19,62,57:01.6,57:01.6
31,41,483,57:01.9,57:01.9
32,15,85,57:02.1,57:02.1
33,19,91,57:02.4,57:02.4
34,19,142,57:02.7,57:02.7
35,19,154,57:02.9,57:02.9
36,19,160,57:03.2,57:03.2
37,19,187,57:03.4,57:03.4
38,15,190,57:03.7,57:03.7
39,15,317,57:03.9,57:03.9
40,16,360,57:04.1,57:04.1
41,16,372,57:04.4,57:04.4
42,15,429,57:04.6,57:04.6
43,16,532,57:04.9,57:04.9
44,19,538,57:05.1,57:05.1
45,16,691,57:05.4,57:05.4
46,16,698,57:05.6,57:05.6
47,15,708,57:05.8,57:05.8
48,16,730,57:06.1,57:06.1
49,2,33,57:06.3,57:06.3
50,27,70,57:06.6,57:06.6
51,26,110,57:06.8,57:06.8
52,27,134,57:07.1,57:07.1
53,27,217,57:07.3,57:07.3
54,26,253,57:07.6,57:07.6
55,17,347,57:07.8,57:07.8
56,17,360,57:08.1,57:08.1
57,17,361,57:08.3,57:08.3
58,26,464,57:08.6,57:08.6
59,2,521,57:08.8,57:08.8
60,26,522,57:09.1,57:09.1
61,17,532,57:09.3,57:09.3
62,27,563,57:09.5,57:09.5
63,27,580,57:09.8,57:09.8
64,17,691,57:10.0,57:10.0
65,17,730,57:10.3,57:10.3
66,27,767,57:10.5,57:10.5
67,46,515,57:10.8,57:10.8
68,46,559,57:11.0,57:11.0
69,46,561,57:11.3,57:11.3
70,46,704,57:11.5,57:11.5
71,21,50,57:11.7,57:11.7
72,21,62,57:12.0,57:12.0
73,10,148,57:12.2,57:12.2
74,10,186,57:12.5,57:12.5
75,29,326,57:12.7,57:12.7
76,52,333,57:13.0,57:13.0
77,10,352,57:13.2,57:13.2
78,10,402,57:13.5,57:13.5
79,20,465,57:13.7,57:13.7
80,10,480,57:14.0,57:14.0
81,10,513,57:14.2,57:14.2
82,20,538,57:14.4,57:14.4
83,10,550,57:14.7,57:14.7
84,10,567,57:14.9,57:14.9
85,10,590,57:15.2,57:15.2
86,10,613,57:15.4,57:15.4
87,9,624,57:15.7,57:15.7
88,20,733,57:15.9,57:15.9
89,20,741,57:16.2,57:16.2
90,29,767,57:16.4,57:16.4
91,56,78,57:16.6,57:16.6
92,56,306,57:16.9,57:16.9
93,56,406,57:17.2,57:17.2
94,56,544,57:17.4,57:17.4
95,56,632,57:17.6,57:17.6
96,56,29,57:17.9,57:17.9
97,56,75,57:18.1,57:18.1
98,56,549,57:18.4,57:18.4
99,56,433,57:18.6,57:18.6
100,56,375,57:18.9,57:18.9
101,56,162,57:19.1,57:19.1
102,56,77,57:19.4,57:19.4
103,56,357,57:19.6,57:19.6
104,55,165,57:19.8,57:19.8
105,55,158,57:20.1,57:20.1
106,55,607,57:20.3,57:20.3
107,55,587,57:20.6,57:20.6
108,55,769,57:20.8,57:20.8
109,55,410,57:21.0,57:21.0
110,55,597,57:21.3,57:21.3
111,55,342,57:21.5,57:21.5
112,55,268,57:21.8,57:21.8
113,55,677,57:22.0,57:22.0
114,55,455,57:22.3,57:22.3
115,55,378,57:22.5,57:22.5
116,55,403,57:22.8,57:22.8
117,55,318,57:23.0,57:23.0
118,55,69,57:23.2,57:23.2
119,55,638,57:23.5,57:23.5
120,52,654,57:23.7,57:23.7
121,52,427,57:24.0,57:24.0
122,52,689,57:24.3,57:24.3
123,52,496,57:24.5,57:24.5
124,52,319,57:24.8,57:24.8
125,52,241,57:25.0,57:25.0
126,52,472,57:25.2,57:25.2
127,52,198,57:25.5,57:25.5
128,52,692,57:25.7,57:25.7
129,52,80,57:26.0,57:26.0
130,52,630,57:26.2,57:26.2
131,52,104,57:26.5,57:26.5
132,52,772,57:26.7,57:26.7
133,53,523,57:26.9,57:26.9
134,53,303,57:27.2,57:27.2
135,54,495,57:27.4,57:27.4
136,54,92,57:27.7,57:27.7
137,54,437,57:27.9,57:27.9
138,54,381,57:28.2,57:28.2
139,54,367,57:28.4,57:28.4
140,54,204,57:28.6,57:28.6
141,54,411,57:28.9,57:28.9
142,54,233,57:29.1,57:29.1
143,54,325,57:29.4,57:29.4
144,54,674,57:29.6,57:29.6
145,54,275,57:29.9,57:29.9
146,54,302,57:30.2,57:30.2
147,54,225,57:30.4,57:30.4
148,54,592,57:30.7,57:30.7
149,57,11278,57:30.9,57:30.9
150,57,520,57:31.2,57:31.2
151,57,235,57:31.4,57:31.4
152,57,9661,57:31.7,57:31.7
153,57,11687,57:31.9,57:31.9
154,57,6317,57:32.1,57:32.1
155,57,3175,57:32.4,57:32.4
156,57,12252,57:32.6,57:32.6
157,57,4068,57:32.9,57:32.9
158,57,277,57:33.1,57:33.1
159,57,2072,57:33.4,57:33.4
160,57,6011,57:33.6,57:33.6
161,57,1195,57:33.9,57:33.9
162,57,8496,57:34.1,57:34.1
163,58,815,57:34.4,57:34.4
164,58,106,57:34.6,57:34.6
165,58,817,57:34.8,57:34.8
166,58,13718,57:35.1,57:35.1
167,58,533,57:35.3,57:35.3
168,58,12499,57:35.6,57:35.6
169,58,384,57:35.8,57:35.8
170,58,197,57:36.1,57:36.1
171,58,822,57:36.3,57:36.3
172,58,212,57:36.5,57:36.5
173,58,9669,57:36.8,57:36.8
174,59,134,57:37.1,57:37.1
175,59,456,57:37.3,57:37.3
176,59,419,57:37.5,57:37.5
177,59,163,57:37.8,57:37.8
178,59,820,57:38.0,57:38.0
179,59,529,57:38.3,57:38.3
180,59,713,57:38.5,57:38.5
181,59,436,57:38.8,57:38.8
182,59,2324,57:39.0,57:39.0
183,60,686,57:39.4,57:39.4
184,60,393,57:39.7,57:39.7
185,60,626,57:39.9,57:39.9
186,60,135,57:40.2,57:40.2
187,60,289,57:40.4,57:40.4
188,60,787,57:40.7,57:40.7
189,60,519,57:40.9,57:40.9
190,60,552,57:41.2,57:41.2
191,61,346,57:41.4,57:41.4
192,61,331,57:41.6,57:41.6
193,61,7592,57:41.9,57:41.9
194,61,141,57:42.1,57:42.1
195,61,170,57:42.4,57:42.4
196,61,785,57:42.6,57:42.6
197,61,534,57:42.9,57:42.9
198,61,3288,57:43.1,57:43.1
199,61,124,57:43.4,57:43.4
200,61,228,57:43.6,57:43.6
201,62,616,57:43.8,57:43.8
202,62,814,57:44.1,57:44.1
203,62,816,57:44.3,57:44.3
204,62,7584,57:44.6,57:44.6
205,62,823,57:44.8,57:44.8
206,62,11177,57:45.1,57:45.1
207,62,6396,57:45.3,57:45.3
208,62,11914,57:45.6,57:45.6
209,62,5037,57:45.8,57:45.8
210,62,4645,57:46.1,57:46.1
211,62,4,57:46.3,57:46.3
212,62,3288,57:46.6,57:46.6
213,62,2569,57:46.8,57:46.8
214,62,2953,57:47.1,57:47.1
215,59,384,57:47.3,57:47.3
216,60,687,57:47.6,57:47.6
217,61,195,57:47.8,57:47.8
218,61,572,57:48.1,57:48.1
219,1,203,57:48.4,57:48.4
220,1,726,57:48.6,57:48.6
221,1,107,57:48.9,57:48.9
222,1,526,57:49.1,57:49.1
223,1,28,57:49.5,57:49.5
224,1,663,57:49.7,57:49.7
225,11,1,57:49.9,57:49.9
226,11,81,57:50.2,57:50.2
227,11,51,57:50.5,57:50.5
228,11,79,57:50.7,57:50.7
229,11,99,57:50.9,57:50.9
230,11,139,57:51.2,57:51.2
231,11,193,57:51.4,57:51.4
232,11,582,57:51.7,57:51.7
233,11,106,57:51.9,57:51.9
234,11,310,57:52.2,57:52.2
235,11,363,57:52.4,57:52.4
236,11,401,57:52.7,57:52.7
237,11,407,57:52.9,57:52.9
238,11,422,57:53.2,57:53.2
239,11,497,57:53.4,57:53.4
240,11,479,57:53.7,57:53.7
241,11,510,57:53.9,57:53.9
242,11,534,57:54.1,57:54.1
243,11,539,57:54.4,57:54.4
244,11,624,57:54.6,57:54.6
245,11,658,57:54.9,57:54.9
246,11,703,57:55.1,57:55.1
247,11,122,57:55.4,57:55.4
248,11,299,57:55.6,57:55.6
249,11,641,57:55.9,57:55.9
250,22,754,57:56.1,57:56.1
251,22,76,57:56.4,57:56.4
252,22,59,57:56.6,57:56.6
253,22,764,57:56.9,57:56.9
254,22,11,57:57.1,57:57.1
255,22,655,57:57.4,57:57.4
256,22,596,57:57.6,57:57.6
257,22,491,57:57.8,57:57.8
258,22,252,57:58.1,57:58.1
259,22,720,57:58.3,57:58.3
260,22,323,57:58.6,57:58.6
261,22,339,57:58.8,57:58.8
262,22,404,57:59.0,57:59.0
263,22,84,57:59.3,57:59.3
264,63,458,57:59.5,57:59.5
265,63,102,57:59.8,57:59.8
266,63,595,58:00.0,58:00.0
267,63,5,58:00.3,58:00.3
268,63,545,58:00.5,58:00.5
269,63,647,58:00.7,58:00.7
270,63,739,58:01.0,58:01.0
271,63,71,58:01.2,58:01.2
272,63,588,58:01.5,58:01.5
273,63,514,58:01.7,58:01.7
274,63,163,58:02.0,58:02.0
275,63,492,58:02.2,58:02.2
276,64,150,58:02.5,58:02.5
277,64,341,58:02.7,58:02.7
278,64,362,58:03.0,58:03.0
279,64,183,58:03.2,58:03.2
280,64,373,58:03.5,58:03.5
281,64,555,58:03.7,58:03.7
282,64,56,58:04.0,58:04.0
283,64,503,58:04.2,58:04.2
284,64,524,58:04.4,58:04.4
285,64,530,58:04.7,58:04.7
286,13,652,58:04.9,58:04.9
287,13,40,58:05.2,58:05.2
288,13,675,58:05.4,58:05.4
289,13,227,58:05.7,58:05.7
290,13,294,58:05.9,58:05.9
291,13,589,58:06.2,58:06.2
292,13,481,58:06.4,58:06.4
293,13,398,58:06.6,58:06.6
294,13,113,58:06.9,58:06.9
295,13,348,58:07.1,58:07.1
296,13,57,58:07.4,58:07.4
297,13,761,58:07.6,58:07.6
298,13,124,58:07.9,58:07.9
299,13,353,58:08.1,58:08.1
300,12,422,58:08.4,58:08.4
301,12,534,58:08.6,58:08.6
302,65,1,58:08.9,58:08.9
303,65,51,58:09.1,58:09.1
304,65,81,58:09.4,58:09.4
305,65,299,58:09.6,58:09.6
306,65,310,58:09.9,58:09.9
307,65,401,58:10.1,58:10.1
308,65,407,58:10.3,58:10.3
309,65,510,58:10.6,58:10.6
310,65,658,58:10.8,58:10.8
311,65,65,58:11.1,58:11.1
312,65,249,58:11.3,58:11.3
313,65,534,58:11.6,58:11.6
314,65,497,58:11.8,58:11.8
315,65,159,58:12.0,58:12.0
316,65,641,58:12.3,58:12.3
317,66,371,58:12.5,58:12.5
318,66,374,58:12.8,58:12.8
319,66,412,58:13.0,58:13.0
320,66,461,58:13.3,58:13.3
321,66,629,58:13.5,58:13.5
322,66,643,58:13.7,58:13.7
323,66,717,58:14.0,58:14.0
324,66,539,58:14.2,58:14.2
325,66,614,58:14.5,58:14.5
326,66,336,58:14.7,58:14.7
327,67,36,58:15.0,58:15.0
328,67,139,58:15.2,58:15.2
329,67,223,58:15.5,58:15.5
330,67,265,58:15.7,58:15.7
331,8,281,58:16.0,58:16.0
332,8,186,58:16.2,58:16.2
333,8,550,58:16.4,58:16.4
334,8,590,58:16.7,58:16.7
335,8,126,58:16.9,58:16.9
336,8,425,58:17.2,58:17.2
337,8,100,58:17.4,58:17.4
338,8,613,58:17.6,58:17.6
339,8,513,58:17.9,58:17.9
340,8,415,58:18.1,58:18.1
341,8,480,58:18.4,58:18.4
342,23,649,58:18.6,58:18.6
343,23,87,58:18.9,58:18.9
344,23,543,58:19.1,58:19.1
345,23,636,58:19.4,58:19.4
346,23,440,58:19.6,58:19.6
347,23,254,58:19.8,58:19.8
348,23,616,58:20.1,58:20.1
349,23,309,58:20.3,58:20.3
350,23,720,58:20.6,58:20.6
351,23,458,58:20.8,58:20.8
352,23,48,58:21.1,58:21.1
353,23,588,58:21.3,58:21.3
354,23,524,58:21.5,58:21.5
355,23,64,58:21.8,58:21.8
356,23,557,58:22.0,58:22.0
357,24,71,58:22.3,58:22.3
358,24,102,58:22.5,58:22.5
359,24,127,58:22.8,58:22.8
360,24,754,58:23.0,58:23.0
361,24,339,58:23.3,58:23.3
362,24,84,58:23.5,58:23.5
363,24,446,58:23.8,58:23.8
364,24,362,58:24.0,58:24.0
365,24,647,58:24.3,58:24.3
366,24,764,58:24.5,58:24.5
367,24,150,58:24.7,58:24.7
368,24,76,58:25.0,58:25.0
369,24,323,58:25.2,58:25.2
370,24,555,58:25.5,58:25.5
371,24,503,58:25.7,58:25.7
372,24,59,58:26.0,58:26.0
373,24,530,58:26.2,58:26.2
374,24,163,58:26.4,58:26.4
375,24,616,58:26.7,58:26.7
376,14,398,58:26.9,58:26.9
377,14,113,58:27.2,58:27.2
378,14,675,58:27.4,58:27.4
379,14,652,58:27.6,58:27.6
380,14,227,58:27.9,58:27.9
381,14,124,58:28.1,58:28.1
382,14,40,58:28.4,58:28.4
383,14,294,58:28.6,58:28.6
384,14,348,58:28.9,58:28.9
385,14,271,58:29.1,58:29.1
386,3,34,58:29.4,58:29.4
387,3,35,58:29.6,58:29.6
388,3,61,58:29.9,58:29.9
389,3,185,58:30.1,58:30.1
390,3,203,58:30.3,58:30.3
391,3,230,58:30.6,58:30.6
392,3,261,58:30.8,58:30.8
393,3,449,58:31.1,58:31.1
394,3,526,58:31.3,58:31.3
395,3,11690,58:31.6,58:31.6
396,3,586,58:31.8,58:31.8
397,3,726,58:32.1,58:32.1
398,3,740,58:32.3,58:32.3
399,2,6594,58:32.6,58:32.6
400,2,185,58:32.8,58:32.8
401,2,625,58:33.0,58:33.0
402,2,512,58:33.3,58:33.3
403,17,120,58:33.5,58:33.5
404,68,695,58:33.8,58:33.8
405,68,31,58:34.0,58:34.0
406,68,118,58:34.2,58:34.2
407,68,725,58:34.5,58:34.5
408,68,337,58:34.7,58:34.7
409,68,487,58:35.0,58:35.0
410,68,527,58:35.2,58:35.2
411,69,61,58:35.5,58:35.5
412,69,726,58:35.7,58:35.7
413,69,423,58:36.0,58:36.0
414,69,35,58:36.2,58:36.2
415,69,449,58:36.4,58:36.4
416,69,185,58:36.7,58:36.7
417,70,1709,58:37.0,58:37.0
418,70,230,58:37.2,58:37.2
419,70,33,58:37.5,58:37.5
420,71,564,58:37.7,58:37.7
421,71,516,58:37.9,58:37.9
422,71,2642,58:38.2,58:38.2
423,71,2874,58:38.4,58:38.4
424,71,3172,58:38.7,58:38.7
425,71,2640,58:38.9,58:38.9
426,71,2412,58:39.2,58:39.2
427,71,12181,58:39.4,58:39.4
428,71,6456,58:39.7,58:39.7
429,71,1694,58:40.0,58:40.0
430,71,4744,58:40.2,58:40.2
431,71,3051,58:40.5,58:40.5
432,71,585,58:40.7,58:40.7
433,71,10807,58:40.9,58:40.9
434,71,3032,58:41.2,58:41.2
435,71,3052,58:41.4,58:41.4
436,71,10028,58:41.7,58:41.7
437,71,463,58:41.9,58:41.9
438,71,1555,58:42.2,58:42.2
439,71,1695,58:42.5,58:42.5
440,34,195,58:42.7,58:42.7
441,34,128,58:43.0,58:43.0
442,34,774,58:43.2,58:43.2
443,34,346,58:43.5,58:43.5
444,34,141,58:43.7,58:43.7
445,34,130,58:44.0,58:44.0
446,34,778,58:44.2,58:44.2
447,34,471,58:44.5,58:44.5
448,34,785,58:44.8,58:44.8
449,34,747,58:45.0,58:45.0
450,34,428,58:45.3,58:45.3
451,34,2657,58:45.5,58:45.5
452,34,329,58:45.8,58:45.8
453,41,138,58:46.0,58:46.0
454,41,276,58:46.3,58:46.3
455,41,681,58:46.5,58:46.5
456,41,743,58:46.8,58:46.8
457,41,713,58:47.0,58:47.0
458,41,789,58:47.3,58:47.3
459,41,436,58:47.5,58:47.5
460,41,131,58:47.7,58:47.7
461,41,419,58:48.0,58:48.0
462,41,322,58:48.4,58:48.4
463,41,529,58:48.6,58:48.6
464,41,456,58:48.9,58:48.9
465,41,343,58:49.1,58:49.1
466,41,136,58:49.4,58:49.4
467,41,119,58:49.6,58:49.6
468,41,26,58:49.9,58:49.9
469,41,212,58:50.1,58:50.1
470,41,232,58:50.4,58:50.4
471,41,700,58:50.6,58:50.6
472,41,384,58:50.9,58:50.9
473,41,519,58:51.1,58:51.1
474,41,787,58:51.4,58:51.4
475,41,282,58:51.6,58:51.6
476,41,129,58:51.9,58:51.9
477,41,693,58:52.1,58:52.1
478,41,359,58:52.4,58:52.4
479,72,758,58:52.6,58:52.6
480,72,426,58:52.9,58:52.9
481,72,745,58:53.1,58:53.1
482,72,684,58:53.4,58:53.4
483,72,136,58:53.6,58:53.6
484,72,232,58:53.8,58:53.8
485,72,700,58:54.1,58:54.1
486,72,384,58:54.3,58:54.3
487,72,483,58:54.6,58:54.6
488,72,656,58:54.8,58:54.8
489,39,426,58:55.1,58:55.1
490,39,26,58:55.3,58:55.3
491,39,684,58:55.6,58:55.6
492,39,196,58:55.8,58:55.8
493,39,129,58:56.0,58:56.0
494,39,529,58:56.3,58:56.3
495,39,136,58:56.5,58:56.5
496,39,343,58:56.8,58:56.8
497,39,533,58:57.0,58:57.0
498,39,419,58:57.3,58:57.3
499,39,131,58:57.5,58:57.5
500,39,436,58:57.8,58:57.8
501,39,197,58:58.0,58:58.0
502,39,276,58:58.2,58:58.2
503,39,244,58:58.5,58:58.5
504,39,789,58:58.7,58:58.7
505,39,713,58:59.0,58:59.0
506,39,681,58:59.2,58:59.2
507,39,232,58:59.5,58:59.5
508,39,700,58:59.7,58:59.7
509,39,776,58:59.9,58:59.9
510,39,384,59:00.2,59:00.2
511,39,409,59:00.5,59:00.5
512,39,759,59:00.7,59:00.7
513,40,27,59:01.0,59:01.0
514,40,30,59:01.2,59:01.2
515,40,132,59:01.6,59:01.6
516,40,430,59:01.9,59:01.9
517,40,212,59:03.3,59:03.3
518,40,766,59:03.9,59:03.9
519,40,686,59:04.5,59:04.5
520,40,397,59:05.6,59:05.6
521,40,369,59:06.0,59:06.0
522,40,403,59:06.4,59:06.4
523,40,771,59:08.0,59:08.0
524,40,656,59:08.2,59:08.2
525,40,13293,59:08.5,59:08.5
526,40,289,59:08.7,59:08.7
527,40,13718,59:09.0,59:09.0
528,40,135,59:09.2,59:09.2
529,40,787,59:09.4,59:09.4
530,40,702,59:09.7,59:09.7
531,40,393,59:09.9,59:09.9
532,40,58,59:10.2,59:10.2
533,40,138,59:10.4,59:10.4
534,38,251,59:10.7,59:10.7
535,38,766,59:10.9,59:10.9
536,38,136,59:11.2,59:11.2
537,38,533,59:11.4,59:11.4
538,38,397,59:11.6,59:11.6
539,38,679,59:11.9,59:11.9
540,38,403,59:12.1,59:12.1
541,38,137,59:12.4,59:12.4
542,38,13718,59:12.6,59:12.6
543,38,687,59:12.9,59:12.9
544,38,66,59:13.1,59:13.1
545,38,132,59:13.3,59:13.3
546,38,324,59:13.6,59:13.6
547,38,787,59:13.8,59:13.8
548,38,768,59:14.1,59:14.1
549,38,289,59:14.3,59:14.3
550,36,529,59:14.6,59:14.6
551,36,232,59:14.8,59:14.8
552,36,322,59:15.0,59:15.0
553,36,681,59:15.3,59:15.3
554,36,743,59:15.5,59:15.5
555,36,419,59:15.8,59:15.8
556,36,789,59:16.0,59:16.0
557,36,343,59:16.2,59:16.2
558,36,456,59:16.5,59:16.5
559,36,618,59:16.7,59:16.7
560,36,713,59:17.0,59:17.0
561,36,58,59:17.2,59:17.2
562,41,21,59:17.5,59:17.5
563,39,21,59:17.7,59:17.7
564,37,30,59:17.9,59:17.9
565,37,251,59:18.2,59:18.2
566,37,758,59:18.4,59:18.4
567,37,131,59:18.7,59:18.7
568,37,244,59:18.9,59:18.9
569,37,71,59:19.2,59:19.2
570,37,768,59:19.4,59:19.4
571,37,775,59:19.7,59:19.7
572,37,135,59:19.9,59:19.9
573,35,228,59:20.2,59:20.2
574,35,331,59:20.4,59:20.4
575,35,689,59:20.6,59:20.6
576,35,748,59:20.9,59:20.9
577,35,788,59:21.1,59:21.1
578,35,170,59:21.4,59:21.4
579,35,128,59:21.6,59:21.6
580,35,41,59:21.9,59:21.9
581,35,572,59:22.1,59:22.1
582,35,786,59:22.4,59:22.4
583,35,194,59:22.6,59:22.6
584,33,130,59:22.9,59:22.9
585,33,141,59:23.1,59:23.1
586,33,329,59:23.3,59:23.3
587,33,346,59:23.6,59:23.6
588,33,778,59:23.8,59:23.8
589,33,785,59:24.1,59:24.1
590,33,814,59:24.3,59:24.3
591,43,256,59:24.6,59:24.6
592,43,570,59:24.8,59:24.8
593,43,268,59:25.1,59:25.1
594,43,721,59:25.3,59:25.3
595,43,123,59:25.6,59:25.6
596,43,111,59:25.8,59:25.8
597,43,220,59:26.1,59:26.1
598,43,233,59:26.3,59:26.3
599,25,563,59:26.6,59:26.6
600,25,134,59:26.8,59:26.8
601,25,580,59:27.1,59:27.1
602,25,767,59:27.3,59:27.3
603,25,779,59:27.6,59:27.6
604,25,326,59:27.8,59:27.8
605,25,70,59:28.0,59:28.0
606,25,217,59:28.3,59:28.3
607,7,49,59:28.5,59:28.5
608,7,52,59:28.8,59:28.8
609,7,246,59:29.0,59:29.0
610,7,316,59:29.3,59:29.3
611,7,364,59:29.5,59:29.5
612,7,387,59:29.8,59:29.8
613,7,666,59:30.0,59:30.0
614,7,752,59:30.2,59:30.2
615,73,74,59:30.5,59:30.5
616,73,375,59:31.0,59:31.0
617,73,470,59:31.2,59:31.2
618,73,490,59:31.5,59:31.5
619,73,509,59:31.7,59:31.7
620,73,565,59:32.0,59:32.0
621,73,599,59:32.2,59:32.2
622,73,564,59:32.5,59:32.5
623,6,269,59:32.7,59:32.7
624,6,627,59:33.0,59:33.0
625,6,175,59:33.2,59:33.2
626,6,221,59:33.4,59:33.4
627,6,145,59:33.7,59:33.7
628,6,443,59:33.9,59:33.9
629,6,507,59:34.2,59:34.2
630,6,574,59:34.4,59:34.4
631,6,719,59:34.7,59:34.7
632,6,683,59:34.9,59:34.9
633,6,219,59:35.2,59:35.2
634,6,68,59:35.4,59:35.4
635,44,508,59:35.7,59:35.7
636,44,404,59:35.9,59:35.9
637,44,4,59:36.2,59:36.2
638,44,47,59:36.4,59:36.4
639,44,706,59:36.7,59:36.7
640,44,200,59:36.9,59:36.9
641,45,109,59:37.2,59:37.2
642,45,284,59:37.4,59:37.4
643,45,536,59:37.7,59:37.7
644,45,631,59:37.9,59:37.9
645,45,149,59:38.2,59:38.2
646,45,757,59:38.5,59:38.5
647,45,63,59:38.8,59:38.8
648,45,114,59:39.1,59:39.1
649,45,738,59:39.3,59:39.3
650,45,376,59:39.6,59:39.6
651,45,243,59:39.8,59:39.8
652,74,682,59:40.0,59:40.0
653,74,167,59:40.3,59:40.3
654,30,308,59:40.5,59:40.5
655,30,792,59:40.8,59:40.8
656,30,259,59:41.0,59:41.0
657,30,389,59:41.3,59:41.3
658,30,781,59:41.5,59:41.5
659,30,457,59:41.8,59:41.8
660,30,279,59:42.0,59:42.0
661,30,659,59:42.3,59:42.3
662,30,396,59:42.6,59:42.6
663,30,286,59:42.8,59:42.8
664,30,39,59:43.1,59:43.1
665,30,105,59:43.4,59:43.4
666,30,664,59:43.6,59:43.6
667,30,435,59:43.9,59:43.9
668,30,408,59:44.1,59:44.1
669,30,467,59:44.4,59:44.4
670,30,45,59:44.7,59:44.7
671,30,678,59:44.9,59:44.9
672,30,639,59:45.1,59:45.1
673,30,602,59:45.4,59:45.4
674,30,501,59:45.6,59:45.6
675,4,340,59:45.9,59:45.9
676,4,566,59:46.1,59:46.1
677,4,266,59:46.4,59:46.4
678,4,181,59:46.7,59:46.7
679,4,551,59:46.9,59:46.9
680,4,125,59:47.2,59:47.2
681,4,296,59:47.4,59:47.4
682,75,53,59:47.6,59:47.6
683,75,188,59:47.9,59:47.9
684,75,548,59:48.2,59:48.2
685,75,161,59:48.4,59:48.4
686,42,165,59:48.7,59:48.7
687,42,475,59:49.0,59:49.0
688,42,476,59:49.3,59:49.3
689,42,746,59:49.5,59:49.5
690,42,328,59:49.8,59:49.8
691,42,546,59:50.0,59:50.0
692,42,736,59:50.3,59:50.3
693,42,283,59:50.5,59:50.5
694,42,298,59:50.8,59:50.8
695,42,455,59:51.0,59:51.0
696,42,433,59:51.2,59:51.2
697,42,333,59:51.5,59:51.5
698,42,319,59:51.7,59:51.7
699,42,210,59:52.0,59:52.0
700,42,11068,59:52.2,59:52.2
701,42,520,59:52.5,59:52.5
702,42,123,59:52.7,59:52.7
703,42,742,59:53.0,59:53.0
704,42,207,59:53.2,59:53.2
705,42,518,59:53.5,59:53.5
706,42,531,59:53.7,59:53.7
707,76,760,59:54.0,59:54.0
708,76,335,59:54.2,59:54.2
709,76,690,59:54.4,59:54.4
710,76,410,59:54.7,59:54.7
711,76,617,59:54.9,59:54.9
712,76,82,59:55.2,59:55.2
713,76,75,59:55.4,59:55.4
714,76,677,59:55.7,59:55.7
715,77,302,59:55.9,59:55.9
716,77,701,59:56.2,59:56.2
717,77,712,59:56.4,59:56.4
718,77,729,59:56.7,59:56.7
719,77,597,59:56.9,59:56.9
720,77,668,59:57.2,59:57.2
721,77,12,59:57.4,59:57.4
722,77,462,59:57.6,59:57.6
723,77,44,59:57.9,59:57.9
724,77,378,59:58.1,59:58.1
725,77,577,59:58.4,59:58.4
726,77,13,59:58.6,59:58.6
727,77,367,59:58.9,59:58.9
728,77,722,59:59.1,59:59.1
729,78,86,59:59.4,59:59.4
730,78,342,59:59.6,59:59.6
731,78,72,59:59.8,59:59.8
732,78,605,00:00.1,00:00.1
733,79,638,00:00.3,00:00.3
734,79,380,00:00.6,00:00.6
735,79,615,00:00.8,00:00.8
736,79,235,00:01.1,00:01.1
737,79,488,00:01.3,00:01.3
738,79,667,00:01.6,00:01.6
739,80,549,00:01.8,00:01.8
740,80,634,00:02.1,00:02.1
741,80,155,00:02.3,00:02.3
742,80,334,00:02.5,00:02.5
743,80,473,00:02.8,00:02.8
744,80,674,00:03.0,00:03.0
745,80,291,00:03.3,00:03.3
746,80,152,00:03.5,00:03.5
747,80,89,00:03.8,00:03.8
748,80,482,00:04.6,00:04.6
749,80,144,00:04.8,00:04.8
750,80,728,00:05.1,00:05.1
751,80,318,00:05.3,00:05.3
752,80,414,00:05.6,00:05.6
753,80,351,00:05.8,00:05.8
754,80,377,00:06.1,00:06.1
755,80,424,00:06.3,00:06.3
756,81,437,00:06.6,00:06.6
757,81,699,00:06.8,00:06.8
758,81,314,00:07.0,00:07.0
759,81,78,00:07.3,00:07.3
760,81,24,00:07.5,00:07.5
761,81,293,00:07.8,00:07.8
762,81,29,00:08.0,00:08.0
763,81,669,00:08.3,00:08.3
764,81,162,00:08.6,00:08.6
765,81,727,00:08.8,00:08.8
766,81,292,00:09.1,00:09.1
767,82,680,00:09.3,00:09.3
768,82,357,00:09.6,00:09.6
769,82,506,00:10.2,00:10.2
770,82,345,00:10.8,00:10.8
771,82,442,00:11.4,00:11.4
772,82,320,00:11.9,00:11.9
773,82,73,00:12.6,00:12.6
774,82,500,00:13.5,00:13.5
775,82,312,00:13.9,00:13.9
776,82,306,00:14.2,00:14.2
777,82,653,00:14.4,00:14.4
778,82,694,00:14.7,00:14.7
779,82,381,00:14.9,00:14.9
780,83,611,00:15.2,00:15.2
781,83,140,00:15.4,00:15.4
782,83,390,00:15.7,00:15.7
783,83,744,00:15.9,00:15.9
784,83,69,00:16.1,00:16.1
785,84,756,00:16.4,00:16.4
786,84,628,00:16.6,00:16.6
787,84,769,00:16.9,00:16.9
788,84,610,00:17.1,00:17.1
789,84,573,00:17.3,00:17.3
790,84,95,00:17.6,00:17.6
791,84,225,00:17.8,00:17.8
792,84,151,00:18.1,00:18.1
793,84,502,00:18.3,00:18.3
794,84,158,00:18.6,00:18.6
795,84,204,00:18.8,00:18.8
796,84,509,00:19.1,00:19.1
797,85,411,00:19.3,00:19.3
798,85,474,00:19.6,00:19.6
799,85,581,00:19.8,00:19.8
800,85,763,00:20.1,00:20.1
801,85,661,00:20.3,00:20.3
802,85,718,00:20.6,00:20.6
803,85,325,00:20.8,00:20.8
804,85,215,00:21.1,00:21.1
805,85,81,00:21.3,00:21.3
806,85,677,00:21.6,00:21.6
807,85,575,00:21.8,00:21.8
808,85,632,00:22.0,00:22.0
809,85,410,00:22.3,00:22.3
810,86,411,00:22.5,00:22.5
811,86,661,00:22.8,00:22.8
812,86,587,00:23.0,00:23.0
813,86,544,00:23.3,00:23.3
814,86,632,00:23.6,00:23.6
815,86,147,00:23.8,00:23.8
816,86,325,00:24.1,00:24.1
817,86,474,00:24.3,00:24.3
818,86,575,00:24.6,00:24.6
819,86,581,00:24.9,00:24.9
820,86,410,00:25.2,00:25.2
821,86,763,00:25.5,00:25.5
822,31,639,00:25.7,00:25.7
823,31,164,00:26.0,00:26.0
824,31,255,00:26.2,00:26.2
825,31,457,00:26.5,00:26.5
826,31,678,00:26.7,00:26.7
827,31,659,00:26.9,00:26.9
828,31,396,00:27.2,00:27.2
829,31,279,00:27.4,00:27.4
830,31,408,00:27.7,00:27.7
831,31,467,00:27.9,00:27.9
832,31,501,00:28.2,00:28.2
833,32,349,00:28.5,00:28.5
834,32,365,00:28.7,00:28.7
835,32,285,00:29.0,00:29.0
836,5,181,00:29.2,00:29.2
837,5,53,00:29.4,00:29.4
838,5,660,00:29.7,00:29.7
839,5,340,00:29.9,00:29.9
840,5,125,00:30.2,00:30.2
841,5,566,00:30.4,00:30.4
842,5,548,00:30.7,00:30.7
843,47,494,00:30.9,00:30.9
844,47,750,00:31.1,00:31.1
845,47,247,00:31.4,00:31.4
846,47,710,00:31.7,00:31.7
847,47,272,00:31.9,00:31.9
848,47,489,00:32.1,00:32.1
849,47,5043,00:32.4,00:32.4
850,29,47,00:32.6,00:32.6
851,29,253,00:32.9,00:32.9
852,28,333,00:33.1,00:33.1
853,28,28,00:33.3,00:33.3
854,28,645,00:33.6,00:33.6
855,28,553,00:33.8,00:33.8
856,28,576,00:34.1,00:34.1
857,28,9,00:34.3,00:34.3
858,28,8,00:34.6,00:34.6
859,28,101,00:34.8,00:34.8
860,28,732,00:35.1,00:35.1
861,28,541,00:35.3,00:35.3
862,28,485,00:35.5,00:35.5
863,28,216,00:35.8,00:35.8
864,28,737,00:36.0,00:36.0
865,28,98,00:36.3,00:36.3
866,28,621,00:36.6,00:36.6
867,28,180,00:37.1,00:37.1
868,10,415,00:37.5,00:37.5
869,10,425,00:37.8,00:37.8
870,10,352,00:38.1,00:38.1
871,10,402,00:38.4,00:38.4
872,10,567,00:38.6,00:38.6
873,9,176,00:38.9,00:38.9
874,9,146,00:39.1,00:39.1
875,21,107,00:39.4,00:39.4
876,87,218,00:39.6,00:39.6
877,87,697,00:39.9,00:39.9
878,87,313,00:40.1,00:40.1
879,87,453,00:40.4,00:40.4
880,87,542,00:40.7,00:40.7
881,87,601,00:41.0,00:41.0
882,87,604,00:41.3,00:41.3
883,87,731,00:41.6,00:41.6
884,87,179,00:41.8,00:41.8
885,87,576,00:42.1,00:42.1
886,51,723,00:42.3,00:42.3
887,51,108,00:42.6,00:42.6
888,51,356,00:42.8,00:42.8
889,51,651,00:43.1,00:43.1
890,88,67,00:43.3,00:43.3
891,88,591,00:43.8,00:43.8
892,88,622,00:44.3,00:44.3
893,88,790,00:44.8,00:44.8
894,88,3566,00:45.1,00:45.1
895,88,240,00:45.4,00:45.4
896,88,43,00:45.6,00:45.6
897,88,280,00:45.9,00:45.9
898,89,595,00:46.1,00:46.1
899,89,554,00:46.4,00:46.4
900,89,560,00:46.6,00:46.6
901,89,7968,00:46.9,00:46.9
902,89,355,00:47.1,00:47.1
903,89,115,00:47.4,00:47.4
904,89,117,00:47.6,00:47.6
905,89,94,00:47.9,00:47.9
906,89,552,00:48.2,00:48.2
907,90,220,00:48.4,00:48.4
908,90,451,00:48.7,00:48.7
909,90,182,00:48.9,00:48.9
910,90,547,00:49.2,00:49.2
911,90,214,00:49.4,00:49.4
912,90,313,00:49.7,00:49.7
913,90,453,00:49.9,00:49.9
914,90,645,00:50.2,00:50.2
915,90,576,00:50.4,00:50.4
916,88,354,00:50.7,00:50.7
917,50,46,00:50.9,00:50.9
918,50,23,00:51.2,00:51.2
919,50,43,00:51.4,00:51.4
920,50,417,00:51.7,00:51.7
921,50,591,00:51.9,00:51.9
922,50,280,00:52.4,00:52.4
923,50,633,00:52.8,00:52.8
924,91,434,00:53.0,00:53.0
925,91,784,00:53.3,00:53.3
926,91,11809,00:53.6,00:53.6
927,91,115,00:53.9,00:53.9
928,91,670,00:54.1,00:54.1
929,91,644,00:54.3,00:54.3
930,91,416,00:54.6,00:54.6
931,91,15,00:54.9,00:54.9
932,91,552,00:55.1,00:55.1
933,91,688,00:55.4,00:55.4
934,48,417,00:55.6,00:55.6
935,48,16,00:55.8,00:55.8
936,48,242,00:56.1,00:56.1
937,48,10333,00:56.3,00:56.3
938,48,600,00:56.6,00:56.6
939,48,640,00:56.8,00:56.8
940,48,231,00:57.1,00:57.1
941,48,657,00:57.3,00:57.3
942,48,783,00:57.6,00:57.6
943,48,382,00:57.8,00:57.8
944,48,25,00:58.0,00:58.0
945,48,277,00:58.3,00:58.3
946,48,234,00:58.5,00:58.5
947,92,17,00:58.8,00:58.8
948,92,288,00:59.0,00:59.0
949,92,670,00:59.3,00:59.3
950,92,191,00:59.6,00:59.6
951,92,240,00:59.8,00:59.8
952,92,438,01:00.1,01:00.1
953,92,83,01:00.3,01:00.3
954,92,10959,01:00.6,01:00.6
955,92,469,01:00.8,01:00.8
956,92,354,01:01.1,01:01.1
957,92,646,01:01.3,01:01.3
958,92,169,01:01.6,01:01.6
959,92,447,01:01.8,01:01.8
960,92,54,01:02.1,01:02.1
961,93,88,01:02.3,01:02.3
962,93,94,01:02.6,01:02.6
963,93,790,01:02.8,01:02.8
964,93,591,01:03.1,01:03.1
965,93,371,01:03.3,01:03.3
966,93,67,01:03.6,01:03.6
967,93,417,01:03.9,01:03.9
968,93,280,01:04.1,01:04.1
969,94,157,01:04.4,01:04.4
970,94,173,01:04.6,01:04.6
971,94,608,01:04.8,01:04.8
972,94,172,01:05.1,01:05.1
973,94,42,01:05.3,01:05.3
974,94,88,01:05.6,01:05.6
975,18,460,01:05.8,01:05.8
976,95,8979,01:06.1,01:06.1
977,95,3426,01:06.3,01:06.3
978,95,2459,01:06.6,01:06.6
979,95,10246,01:06.8,01:06.8
980,95,256,01:07.1,01:07.1
981,95,11605,01:07.3,01:07.3
982,95,243,01:07.6,01:07.6
983,52,782,01:07.8,01:07.8
984,52,93,01:08.0,01:08.0
985,53,755,01:08.3,01:08.3
986,53,20,01:08.5,01:08.5
987,53,96,01:08.8,01:08.8
988,53,593,01:09.0,01:09.0
989,53,642,01:09.3,01:09.3
990,53,468,01:09.5,01:09.5
991,53,386,01:09.7,01:09.7
992,53,90,01:10.1,01:10.1
993,53,12507,01:10.5,01:10.5
994,53,18,01:10.7,01:10.7
995,53,12812,01:11.0,01:11.0
996,53,55,01:11.2,01:11.2
997,54,12,01:11.4,01:11.4
998,54,680,01:11.7,01:11.7
999,55,502,01:11.9,01:11.9
1000,55,283,01:12.2,01:12.2
1001,55,52,01:12.4,01:12.4
1002,55,752,01:12.7,01:12.7
1003,55,49,01:12.9,01:12.9
1004,55,377,01:13.1,01:13.1
1005,55,565,01:13.4,01:13.4
1006,56,506,01:13.6,01:13.6
1007,56,482,01:14.0,01:14.0
1008,56,669,01:14.3,01:14.3
1009,56,300,01:14.5,01:14.5
1010,96,782,01:14.7,01:14.7
1011,96,2470,01:15.0,01:15.0
1012,96,358,01:15.2,01:15.2
1013,96,642,01:15.5,01:15.5
1014,96,37,01:15.7,01:15.7
1015,96,55,01:16.0,01:16.0
1016,96,432,01:16.2,01:16.2
1017,96,7256,01:16.5,01:16.5
1018,96,672,01:16.7,01:16.7
1019,96,593,01:16.9,01:16.9
1020,96,753,01:17.2,01:17.2
1021,96,327,01:17.4,01:17.4
1022,96,386,01:17.7,01:17.7
1023,97,316,01:17.9,01:17.9
1024,97,666,01:18.2,01:18.2
1025,97,52,01:18.4,01:18.4
1026,97,387,01:18.7,01:18.7
1027,98,5359,01:18.9,01:18.9
1028,98,3685,01:19.2,01:19.2
1029,98,12420,01:19.4,01:19.4
1030,98,508,01:19.6,01:19.6
1031,98,13429,01:19.9,01:19.9
1032,98,6513,01:20.1,01:20.1
1033,98,515,01:20.4,01:20.4
1034,98,738,01:20.6,01:20.6
1035,99,9658,01:20.9,01:20.9
1036,99,10421,01:21.1,01:21.1
1037,99,7246,01:21.3,01:21.3
1038,99,908,01:21.6,01:21.6
1039,99,1319,01:21.8,01:21.8
1040,99,8785,01:22.1,01:22.1
1041,99,4354,01:22.3,01:22.3
1042,99,13075,01:22.6,01:22.6
1043,99,2795,01:22.8,01:22.8
1044,99,6066,01:23.1,01:23.1
1045,99,1111,01:23.5,01:23.5
1046,99,5381,01:23.7,01:23.7
1047,100,8403,01:23.9,01:23.9
1048,100,813,01:24.2,01:24.2
1049,100,803,01:24.4,01:24.4
1050,100,6020,01:24.7,01:24.7
1051,100,8308,01:25.0,01:25.0
1052,100,8324,01:25.2,01:25.2
1053,100,7897,01:25.5,01:25.5
1054,101,794,01:25.7,01:25.7
1055,101,8741,01:26.0,01:26.0
1056,101,796,01:26.2,01:26.2
1057,101,583,01:26.5,01:26.5
1058,101,799,01:26.7,01:26.7
1059,101,761,01:27.0,01:27.0
1060,101,12151,01:27.2,01:27.2
1061,101,3584,01:27.5,01:27.5
1062,101,2827,01:27.8,01:27.8
1063,101,795,01:28.0,01:28.0
1064,101,250,01:28.2,01:28.2
1065,101,12846,01:28.5,01:28.5
1066,101,811,01:28.8,01:28.8
1067,101,9043,01:29.0,01:29.0
1068,102,13781,01:29.3,01:29.3
1069,102,294,01:29.5,01:29.5
1070,102,589,01:29.7,01:29.7
1071,102,227,01:29.9,01:29.9
1072,102,190,01:30.2,01:30.2
1073,102,398,01:30.4,01:30.4
1074,103,5377,01:30.7,01:30.7
1075,103,1860,01:30.9,01:30.9
1076,103,709,01:31.2,01:31.2
1077,104,675,01:31.4,01:31.4
1078,104,113,01:31.7,01:31.7
1079,104,801,01:31.9,01:31.9
1080,104,85,01:32.2,01:32.2
1081,104,481,01:32.4,01:32.4
1082,104,40,01:32.6,01:32.6
1083,104,271,01:32.9,01:32.9
1084,105,4593,01:33.1,01:33.1
1085,105,808,01:33.4,01:33.4
1086,105,703,01:33.6,01:33.6
1087,105,3518,01:33.9,01:33.9
1088,105,4981,01:34.1,01:34.1
1089,105,7545,01:34.4,01:34.4
1090,105,13021,01:34.7,01:34.7
1091,105,810,01:34.9,01:34.9
1092,105,807,01:35.2,01:35.2
1093,105,116,01:35.4,01:35.4
1094,105,5852,01:35.6,01:35.6
1095,106,793,01:35.9,01:35.9
1096,106,4081,01:36.1,01:36.1
1097,106,1932,01:36.4,01:36.4
1098,106,23,01:36.6,01:36.6
1099,106,797,01:36.9,01:36.9
1100,106,7465,01:37.1,01:37.1
1101,106,5573,01:37.4,01:37.4
1102,106,798,01:37.6,01:37.6
1103,107,791,01:37.9,01:37.9
1104,107,461,01:38.1,01:38.1
1105,107,663,01:38.3,01:38.3
1106,107,614,01:38.6,01:38.6
1107,107,649,01:38.8,01:38.8
1108,107,2214,01:39.1,01:39.1
1109,107,717,01:39.3,01:39.3
1110,107,122,01:39.6,01:39.6
1111,107,81,01:39.8,01:39.8
1112,107,84,01:40.0,01:40.0
1113,107,102,01:40.3,01:40.3
1114,107,720,01:40.5,01:40.5
1115,107,383,01:40.8,01:40.8
1116,107,299,01:41.0,01:41.0
1117,107,65,01:41.3,01:41.3
1118,107,109,01:41.5,01:41.5
1119,107,51,01:41.8,01:41.8
1120,108,265,01:42.1,01:42.1
1121,108,218,01:42.5,01:42.5
1122,108,8779,01:42.7,01:42.7
1123,108,559,01:43.0,01:43.0
1124,108,407,01:43.2,01:43.2
1125,108,203,01:43.5,01:43.5
1126,108,313,01:43.7,01:43.7
1127,108,310,01:43.9,01:43.9
1128,108,353,01:44.2,01:44.2
1129,108,536,01:44.5,01:44.5
1130,108,4909,01:44.8,01:44.8
1131,109,4608,01:45.0,01:45.0
1132,109,13557,01:45.3,01:45.3
1133,109,1718,01:45.5,01:45.5
1134,109,621,01:45.8,01:45.8
1135,109,485,01:46.0,01:46.0
1136,109,12015,01:46.3,01:46.3
1137,109,6808,01:46.5,01:46.5
1138,109,7111,01:46.8,01:46.8
1139,109,1161,01:47.0,01:47.0
1140,109,10229,01:47.2,01:47.2
1141,109,2790,01:47.5,01:47.5
1142,109,139,01:47.7,01:47.7
1143,109,98,01:48.0,01:48.0
1144,109,5069,01:48.2,01:48.2
1145,109,8766,01:48.5,01:48.5
1146,109,8,01:48.7,01:48.7
1147,109,9,01:49.0,01:49.0
1148,109,645,01:49.2,01:49.2
1149,110,3538,01:49.4,01:49.4
1150,110,553,01:49.7,01:49.7
1151,110,464,01:50.0,01:50.0
1152,110,767,01:50.4,01:50.4
1153,110,11297,01:50.7,01:50.7
1154,110,13550,01:50.9,01:50.9
1155,110,732,01:51.2,01:51.2
1156,110,541,01:51.4,01:51.4
1157,110,1137,01:51.7,01:51.7
1158,111,631,01:51.9,01:51.9
1159,111,443,01:52.1,01:52.1
1160,111,175,01:52.4,01:52.4
1161,111,219,01:52.7,01:52.7
1162,112,145,01:53.0,01:53.0
1163,112,719,01:53.2,01:53.2
1164,112,562,01:53.5,01:53.5
1165,112,507,01:53.7,01:53.7
1166,112,574,01:54.0,01:54.0
1167,112,627,01:54.2,01:54.2
1168,112,721,01:54.5,01:54.5
1169,112,7095,01:54.7,01:54.7
